timestamp;close
2026-01-21;1465.03000
2026-01-20;1480.82000
2026-01-19;1473.70000
2026-01-16;1473.29000
2026-01-15;1469.97000
2026-01-14;1462.89000
2026-01-13;1475.07000
2026-01-12;1466.87000
2026-01-09;1457.02000
2026-01-08;1451.85000
2026-01-07;1448.64000
2026-01-06;1446.91000
2026-01-05;1444.88000
2026-01-02;1442.39000
2026-01-01;1442.65000
2025-12-31;1440.51000
2025-12-30;1438.29000
2025-12-29;1435.59000
2025-12-26;1441.90000
2025-12-25;1445.95000
2025-12-24;1446.04000
2025-12-23;1480.03000
2025-12-22;1479.44000
2025-12-19;1475.42000
2025-12-18;1475.50000
2025-12-17;1475.28000
2025-12-16;1472.94000
2025-12-15;1468.69000
2025-12-12;1474.78000
2025-12-11;1471.17000
2025-12-10;1468.94000
2025-12-09;1469.55000
2025-12-08;1469.52000
2025-12-05;1473.39000
2025-12-04;1474.56000
2025-12-03;1466.02000
2025-12-02;1468.38000
2025-12-01;1471.62000
2025-11-28;1467.47000
2025-11-27;1462.23000
2025-11-26;1471.35000
2025-11-25;1465.51000
2025-11-24;1474.60000
2025-11-21;1469.56000
2025-11-20;1474.23000
2025-11-19;1467.03000
2025-11-18;1459.29000
2025-11-17;1462.17000
2025-11-14;1447.93000
2025-11-13;1470.63000
2025-11-12;1469.27000
2025-11-11;1460.76000
2025-11-10;1456.81000
2025-11-07;1455.84000
2025-11-06;1448.83000
2025-11-05;1440.61000
2025-11-04;1443.70000
2025-11-03;1429.90000
2025-10-31;1428.91000
2025-10-30;1429.25000
2025-10-29;1426.06000
2025-10-28;1431.40000
2025-10-27;1429.35000
2025-10-24;1438.82000
2025-10-23;1436.55000
2025-10-22;1431.85000
2025-10-21;1431.17000
2025-10-20;1421.03000
2025-10-17;1421.58000
2025-10-16;1416.64000
2025-10-15;1421.05000
2025-10-14;1428.60000
2025-10-13;1426.28000
2025-10-10;1429.04000
2025-10-09;1422.72000
2025-10-08;1421.34000
2025-10-07;1415.87000
2025-10-06;1410.51000
2025-10-03;1407.40000
2025-10-02;1405.86000
2025-10-01;1402.69000
2025-09-30;1403.85000
2025-09-29;1399.88000
2025-09-26;1409.45000
2025-09-25;1409.00000
2025-09-24;1404.76000
2025-09-23;1394.16000
2025-09-22;1390.89000
2025-09-19;1397.09000
2025-09-18;1388.11000
2025-09-17;1380.12000
2025-09-16;1378.66000
2025-09-15;1384.99000
2025-09-12;1392.70000
2025-09-11;1389.44000
2025-09-10;1389.07000
2025-09-09;1389.03000
2025-09-08;1385.08000
2025-09-05;1386.18000
2025-09-04;1393.40000
2025-09-03;1390.13000
2025-09-02;1395.42000
2025-09-01;1392.71000
2025-08-29;1388.81000
2025-08-28;1385.29000
2025-08-27;1393.00000
2025-08-26;1394.79000
2025-08-25;1390.13000
2025-08-22;1383.82000
2025-08-21;1401.06000
2025-08-20;1397.60000
2025-08-19;1392.98000
2025-08-18;1388.76000
2025-08-15;1388.66000
2025-08-14;1388.64000
2025-08-13;1379.64000
2025-08-12;1384.02000
2025-08-11;1390.61000
2025-08-08;1388.69000
2025-08-07;1383.53000
2025-08-06;1384.49000
2025-08-05;1386.63000
2025-08-04;1385.33000
2025-08-01;1388.78000
2025-07-31;1392.07000
2025-07-30;1392.85000
2025-07-29;1388.09000
2025-07-28;1389.42000
2025-07-25;1383.30000
2025-07-24;1372.61000
2025-07-23;1374.59000
2025-07-22;1380.62000
2025-07-21;1382.58000
2025-07-18;1390.81000
2025-07-17;1391.54000
2025-07-16;1386.65000
2025-07-15;1386.11000
2025-07-14;1382.30000
2025-07-11;1378.95000
2025-07-10;1371.37000
2025-07-09;1373.77000
2025-07-08;1369.81000
2025-07-07;1375.21000
2025-07-04;1362.29000
2025-07-03;1363.25000
2025-07-02;1355.94000
2025-07-01;1356.17000
2025-06-30;1352.45000
2025-06-27;1364.33000
2025-06-26;1357.57000
2025-06-25;1359.03000
2025-06-24;1358.64000
2025-06-23;1370.68000
2025-06-20;1372.84000
2025-06-19;1376.44000
2025-06-18;1375.70000
2025-06-17;1381.26000
2025-06-16;1359.04000
2025-06-13;1366.61000
2025-06-12;1354.91000
2025-06-11;1369.79000
2025-06-10;1365.94000
2025-06-09;1354.04000
2025-06-06;1359.18000
2025-06-05;1354.52000
2025-06-04;1361.02000
2025-06-03;1377.69000
2025-06-02;1376.04000
2025-05-30;1381.97000
2025-05-29;1370.28000
2025-05-28;1373.58000
2025-05-27;1372.81000
2025-05-26;1368.05000
2025-05-23;1364.69000
2025-05-22;1381.28000
2025-05-21;1373.84000
2025-05-20;1392.70000
2025-05-19;1388.53000
2025-05-16;1398.10000
2025-05-15;1396.98000
2025-05-14;1407.30000
2025-05-13;1415.98000
2025-05-12;1416.01000
2025-05-09;1395.56000
2025-05-08;1403.84000
2025-05-07;1397.36000
2025-05-06;1374.76000
2025-05-05;1374.34000
2025-05-02;1397.89000
2025-05-01;1435.08000
2025-04-30;1423.72000
2025-04-29;1431.13000
2025-04-28;1435.84000
2025-04-25;1437.35000
2025-04-24;1430.03000
2025-04-23;1426.40000
2025-04-22;1429.19000
2025-04-21;1421.62000
2025-04-18;1423.61000
2025-04-17;1417.40000
2025-04-16;1414.20000
2025-04-15;1426.99000
2025-04-14;1419.29000
2025-04-11;1418.62000
2025-04-10;1452.00000
2025-04-09;1445.78000
2025-04-08;1486.10000
2025-04-07;1469.92000
2025-04-04;1458.49000
2025-04-03;1450.64000
2025-04-02;1466.02000
2025-04-01;1469.94000
2025-03-31;1472.03000
2025-03-28;1469.73000
2025-03-27;1461.87000
2025-03-26;1465.67000
2025-03-25;1462.96000
2025-03-24;1466.75000
2025-03-21;1463.00000
2025-03-20;1465.89000
2025-03-19;1460.75000
2025-03-18;1448.66000
2025-03-17;1442.66000
2025-03-14;1450.60000
2025-03-13;1452.39000
2025-03-12;1452.00000
2025-03-11;1451.00000
2025-03-10;1456.74000
2025-03-07;1449.28000
2025-03-06;1447.04000
2025-03-05;1445.19000
2025-03-04;1453.10000
2025-03-03;1457.91000
2025-02-28;1461.26000
2025-02-27;1450.45000
2025-02-26;1433.20000
2025-02-25;1433.77000
2025-02-24;1428.62000
2025-02-21;1432.00000
2025-02-20;1430.69000
2025-02-19;1438.98000
2025-02-18;1440.68000
2025-02-17;1441.25000
2025-02-14;1439.41000
2025-02-13;1439.48000
2025-02-12;1450.72000
2025-02-11;1450.83000
2025-02-10;1450.52000
2025-02-07;1453.42000
2025-02-06;1445.53000
2025-02-05;1443.74000
2025-02-04;1452.52000
2025-02-03;1458.90000
2025-01-31;1455.67000
2025-01-30;1443.56000
2025-01-29;1441.64000
2025-01-28;1445.35000
2025-01-27;1432.82000
2025-01-24;1427.95000
2025-01-23;1434.27000
2025-01-22;1435.14000
2025-01-21;1438.22000
2025-01-20;1436.65000
2025-01-17;1456.01000
2025-01-16;1455.72000
2025-01-15;1454.95000
2025-01-14;1458.14000
2025-01-13;1466.63000
2025-01-10;1473.05000
2025-01-09;1457.40000
2025-01-08;1459.08000
2025-01-07;1453.08000
2025-01-06;1461.06000
2025-01-03;1468.36000
2025-01-02;1469.70000
2025-01-01;1471.00000
2024-12-31;1476.76000
2024-12-30;1469.23000
2024-12-27;1472.48000
2024-12-26;1467.07000
2024-12-25;1456.50000
2024-12-24;1458.12000
2024-12-23;1451.27000
2024-12-20;1444.55000
2024-12-19;1444.50000
2024-12-18;1452.25000
2024-12-17;1437.53000
2024-12-16;1436.77000
2024-12-13;1434.01000
2024-12-12;1430.65000
2024-12-11;1427.80000
2024-12-10;1434.28000
2024-12-09;1428.37000
2024-12-06;1424.12000
2024-12-05;1413.29000
2024-12-04;1411.11000
2024-12-03;1414.44000
2024-12-02;1406.00000
2024-11-29;1394.64000
2024-11-28;1393.72000
2024-11-27;1388.56000
2024-11-26;1396.33000
2024-11-25;1398.04000
2024-11-22;1402.05000
2024-11-21;1399.13000
2024-11-20;1397.99000
2024-11-19;1392.30000
2024-11-18;1390.49000
2024-11-15;1393.66000
2024-11-14;1404.73000
2024-11-13;1404.83000
2024-11-12;1405.78000
2024-11-11;1399.06000
2024-11-08;1396.20000
2024-11-07;1379.87000
2024-11-06;1400.34000
2024-11-05;1377.25000
2024-11-04;1372.58000
2024-11-01;1378.46000
2024-10-31;1372.25000
2024-10-30;1378.47000
2024-10-29;1383.28000
2024-10-28;1380.88000
2024-10-25;1387.93000
2024-10-24;1377.12000
2024-10-23;1379.50000
2024-10-22;1378.43000
2024-10-21;1376.45000
2024-10-18;1368.34000
2024-10-17;1369.08000
2024-10-16;1362.76000
2024-10-15;1363.64000
2024-10-14;1356.72000
2024-10-11;1348.38000
2024-10-10;1349.66000
2024-10-09;1343.02000
2024-10-08;1339.98000
2024-10-07;1342.52000
2024-10-04;1346.38000
2024-10-03;1333.57000
2024-10-02;1321.90000
2024-10-01;1323.30000
2024-09-30;1315.77000
2024-09-27;1308.28000
2024-09-26;1312.57000
2024-09-25;1334.73000
2024-09-24;1323.92000
2024-09-23;1333.12000
2024-09-20;1331.61000
2024-09-19;1326.50000
2024-09-18;1319.07000
2024-09-17;1319.17000
2024-09-16;1317.06000
2024-09-13;1328.19000
2024-09-12;1335.49000
2024-09-11;1337.73000
2024-09-10;1342.24000
2024-09-09;1339.25000
2024-09-06;1337.24000
2024-09-05;1332.39000
2024-09-04;1334.37000
2024-09-03;1339.45000
2024-09-02;1336.00000
2024-08-30;1336.54000
2024-08-29;1333.27000
2024-08-28;1334.10000
2024-08-27;1326.05000
2024-08-26;1327.48000
2024-08-23;1323.40000
2024-08-22;1341.97000
2024-08-21;1333.34000
2024-08-20;1327.55000
2024-08-19;1331.05000
2024-08-16;1349.06000
2024-08-15;1364.32000
2024-08-14;1355.42000
2024-08-13;1361.40000
2024-08-12;1368.88000
2024-08-09;1364.14000
2024-08-08;1373.42000
2024-08-07;1373.88000
2024-08-06;1374.51000
2024-08-05;1365.31000
2024-08-02;1356.77000
2024-08-01;1368.55000
2024-07-31;1367.46000
2024-07-30;1383.23000
2024-07-29;1379.98000
2024-07-26;1383.70000
2024-07-25;1381.78000
2024-07-24;1380.77000
2024-07-23;1384.28000
2024-07-22;1386.82000
2024-07-19;1388.78000
2024-07-18;1383.68000
2024-07-17;1379.01000
2024-07-16;1382.06000
2024-07-15;1383.73000
2024-07-12;1373.74000
2024-07-11;1371.25000
2024-07-10;1382.92000
2024-07-09;1382.66000
2024-07-08;1382.41000
2024-07-05;1376.56000
2024-07-04;1379.86000
2024-07-03;1386.41000
2024-07-02;1385.70000
2024-07-01;1381.10000
2024-06-28;1380.71000
2024-06-27;1386.15000
2024-06-26;1390.78000
2024-06-25;1390.64000
2024-06-24;1384.69000
2024-06-21;1387.00000
2024-06-20;1390.66000
2024-06-19;1380.28000
2024-06-18;1378.64000
2024-06-17;1378.46000
2024-06-14;1381.84000
2024-06-13;1374.98000
2024-06-12;1367.87000
2024-06-11;1377.43000
2024-06-10;1373.70000
2024-06-07;1378.90000
2024-06-06;1362.96000
2024-06-05;1368.79000
2024-06-04;1373.42000
2024-06-03;1370.58000
2024-05-31;1381.54000
2024-05-30;1373.63000
2024-05-29;1369.00000
2024-05-28;1361.00000
2024-05-27;1359.09000
2024-05-24;1365.18000
2024-05-23;1366.28000
2024-05-22;1364.19000
2024-05-21;1363.28000
2024-05-20;1359.70000
2024-05-17;1351.82000
2024-05-16;1347.94000
2024-05-15;1352.09000
2024-05-14;1362.54000
2024-05-13;1365.79000
2024-05-10;1369.71000
2024-05-09;1364.98000
2024-05-08;1363.90000
2024-05-07;1356.71000
2024-05-06;1353.98000
2024-05-03;1354.65000
2024-05-02;1364.41000
2024-05-01;1385.94000
2024-04-30;1383.82000
2024-04-29;1374.33000
2024-04-26;1376.46000
2024-04-25;1371.16000
2024-04-24;1375.47000
2024-04-23;1372.42000
2024-04-22;1376.66000
2024-04-19;1374.43000
2024-04-18;1377.15000
2024-04-17;1378.68000
2024-04-16;1389.49000
2024-04-15;1387.30000
2024-04-12;1379.70000
2024-04-11;1365.57000
2024-04-10;1362.72000
2024-04-09;1351.05000
2024-04-08;1351.95000
2024-04-05;1350.90000
2024-04-04;1349.29000
2024-04-03;1342.93000
2024-04-02;1351.38000
2024-04-01;1353.35000
2024-03-29;1345.07000
2024-03-28;1347.75000
2024-03-27;1347.76000
2024-03-26;1341.25000
2024-03-25;1338.69000
2024-03-22;1344.62000
2024-03-21;1332.62000
2024-03-20;1329.48000
2024-03-19;1336.17000
2024-03-18;1336.03000
2024-03-15;1330.60000
2024-03-14;1321.90000
2024-03-13;1311.50000
2024-03-12;1309.53000
2024-03-11;1310.66000
2024-03-08;1316.80000
2024-03-07;1323.07000
2024-03-06;1329.02000
2024-03-05;1335.39000
2024-03-04;1331.83000
2024-03-01;1330.46000
2024-02-29;1334.73000
2024-02-28;1334.15000
2024-02-27;1332.04000
2024-02-26;1331.87000
2024-02-23;1329.93000
2024-02-22;1327.37000
2024-02-21;1333.02000
2024-02-20;1333.81000
2024-02-19;1333.71000
2024-02-16;1331.07000
2024-02-15;1328.52000
2024-02-14;1330.73000
2024-02-13;1340.71000
2024-02-12;1328.15000
2024-02-09;1329.98000
2024-02-08;1331.64000
2024-02-07;1328.34000
2024-02-06;1326.86000
2024-02-05;1333.11000
2024-02-02;1337.85000
2024-02-01;1328.93000
2024-01-31;1333.56000
2024-01-30;1328.55000
2024-01-29;1334.00000
2024-01-26;1336.72000
2024-01-25;1336.22000
2024-01-24;1331.97000
2024-01-23;1337.57000
2024-01-22;1339.04000
2024-01-19;1334.22000
2024-01-18;1338.41000
2024-01-17;1343.94000
2024-01-16;1338.11000
2024-01-15;1319.80000
2024-01-12;1313.19000
2024-01-11;1313.83000
2024-01-10;1318.85000
2024-01-09;1320.06000
2024-01-08;1311.76000
2024-01-05;1314.13000
2024-01-04;1313.28000
2024-01-03;1309.44000
2024-01-02;1312.14000
2024-01-01;1293.52000
2023-12-29;1294.37000
2023-12-28;1289.25000
2023-12-27;1293.34000
2023-12-26;1294.91000
2023-12-25;1295.63000
2023-12-22;1297.00000
2023-12-21;1295.11000
2023-12-20;1303.05000
2023-12-19;1300.12000
2023-12-18;1303.81000
2023-12-15;1300.40000
2023-12-14;1288.63000
2023-12-13;1301.90000
2023-12-12;1310.79000
2023-12-11;1316.24000
2023-12-08;1316.39000
2023-12-07;1314.10000
2023-12-06;1315.74000
2023-12-05;1312.88000
2023-12-04;1309.74000
2023-12-01;1293.86000
2023-11-30;1299.51000
2023-11-29;1291.15000
2023-11-28;1287.24000
2023-11-27;1297.83000
2023-11-24;1302.95000
2023-11-23;1300.13000
2023-11-22;1300.88000
2023-11-21;1294.55000
2023-11-20;1287.92000
2023-11-17;1294.33000
2023-11-16;1292.31000
2023-11-15;1304.59000
2023-11-14;1304.66000
2023-11-13;1319.45000
2023-11-10;1316.49000
2023-11-09;1317.02000
2023-11-08;1307.69000
2023-11-07;1304.51000
2023-11-06;1298.27000
2023-11-03;1308.21000
2023-11-02;1333.34000
2023-11-01;1346.48000
2023-10-31;1350.98000
2023-10-30;1344.67000
2023-10-27;1354.89000
2023-10-26;1352.65000
2023-10-25;1351.51000
2023-10-24;1342.37000
2023-10-23;1342.81000
2023-10-20;1349.06000
2023-10-19;1353.79000
2023-10-18;1353.20000
2023-10-17;1350.88000
2023-10-16;1346.78000
2023-10-13;1352.19000
2023-10-12;1348.49000
2023-10-11;1337.89000
2023-10-10;1341.53000
2023-10-09;1346.73000
2023-10-06;1344.59000
2023-10-05;1344.82000
2023-10-04;1351.32000
2023-10-03;1359.00000
2023-10-02;1355.98000
2023-09-29;1352.29000
2023-09-28;1347.86000
2023-09-27;1353.78000
2023-09-26;1351.52000
2023-09-25;1336.99000
2023-09-22;1334.01000
2023-09-21;1338.91000
2023-09-20;1331.74000
2023-09-19;1326.41000
2023-09-18;1321.49000
2023-09-15;1328.44000
2023-09-14;1327.64000
2023-09-13;1325.39000
2023-09-12;1324.08000
2023-09-11;1324.02000
2023-09-08;1334.94000
2023-09-07;1332.91000
2023-09-06;1332.40000
2023-09-05;1328.92000
2023-09-04;1317.44000
2023-09-01;1317.53000
2023-08-31;1323.94000
2023-08-30;1321.30000
2023-08-29;1318.11000
2023-08-28;1323.13000
2023-08-25;1323.51000
2023-08-24;1327.84000
2023-08-23;1327.08000
2023-08-22;1339.60000
2023-08-21;1339.58000
2023-08-18;1339.15000
2023-08-17;1338.51000
2023-08-16;1341.01000
2023-08-15;1336.44000
2023-08-14;1335.32000
2023-08-11;1330.28000
2023-08-10;1316.40000
2023-08-09;1313.06000
2023-08-08;1316.46000
2023-08-07;1306.51000
2023-08-04;1304.06000
2023-08-03;1297.61000
2023-08-02;1298.96000
2023-08-01;1287.73000
2023-07-31;1276.82000
2023-07-28;1272.81000
2023-07-27;1281.76000
2023-07-26;1271.38000
2023-07-25;1275.29000
2023-07-24;1279.30000
2023-07-21;1286.17000
2023-07-20;1276.70000
2023-07-19;1265.68000
2023-07-18;1263.93000
2023-07-17;1263.19000
2023-07-14;1268.30000
2023-07-13;1266.12000
2023-07-12;1272.77000
2023-07-11;1291.26000
2023-07-10;1300.38000
2023-07-07;1297.88000
2023-07-06;1308.07000
2023-07-05;1302.64000
2023-07-04;1294.38000
2023-07-03;1303.64000
2023-06-30;1315.83000
2023-06-29;1321.03000
2023-06-28;1308.49000
2023-06-27;1297.19000
2023-06-26;1303.25000
2023-06-23;1308.39000
2023-06-22;1296.23000
2023-06-21;1288.00000
2023-06-20;1287.23000
2023-06-19;1280.77000
2023-06-16;1276.13000
2023-06-15;1268.69000
2023-06-14;1270.98000
2023-06-13;1266.65000
2023-06-12;1281.57000
2023-06-09;1287.30000
2023-06-08;1295.48000
2023-06-07;1307.53000
2023-06-06;1298.56000
2023-06-05;1299.63000
2023-06-02;1305.90000
2023-06-01;1311.54000
2023-05-31;1319.57000
2023-05-30;1319.10000
2023-05-29;1322.31000
2023-05-26;1322.64000
2023-05-25;1329.46000
2023-05-24;1316.87000
2023-05-23;1318.07000
2023-05-22;1312.56000
2023-05-19;1325.18000
2023-05-18;1333.16000
2023-05-17;1332.45000
2023-05-16;1341.42000
2023-05-15;1334.24000
2023-05-12;1342.39000
2023-05-11;1329.32000
2023-05-10;1315.85000
2023-05-09;1323.84000
2023-05-08;1320.46000
2023-05-05;1317.45000
2023-05-04;1320.73000
2023-05-03;1332.94000
2023-05-02;1341.97000
2023-05-01;1341.79000
2023-04-28;1337.76000
2023-04-27;1337.64000
2023-04-26;1337.37000
2023-04-25;1340.41000
2023-04-24;1332.13000
2023-04-21;1330.50000
2023-04-20;1321.24000
2023-04-19;1327.35000
2023-04-18;1316.39000
2023-04-17;1318.07000
2023-04-14;1303.98000
2023-04-13;1302.03000
2023-04-12;1321.00000
2023-04-11;1321.90000
2023-04-10;1320.14000
2023-04-07;1316.28000
2023-04-06;1317.40000
2023-04-05;1314.55000
2023-04-04;1310.91000
2023-04-03;1307.89000
2023-03-31;1306.09000
2023-03-30;1295.84000
2023-03-29;1305.75000
2023-03-28;1296.12000
2023-03-27;1297.07000
2023-03-24;1295.41000
2023-03-23;1283.57000
2023-03-22;1295.95000
2023-03-21;1302.56000
2023-03-20;1302.00000
2023-03-17;1308.35000
2023-03-16;1300.05000
2023-03-15;1312.87000
2023-03-14;1303.19000
2023-03-13;1295.76000
2023-03-10;1320.22000
2023-03-09;1325.49000
2023-03-08;1316.36000
2023-03-07;1317.90000
2023-03-06;1296.84000
2023-03-03;1295.30000
2023-03-02;1310.95000
2023-03-01;1305.39000
2023-02-28;1323.00000
2023-02-27;1317.38000
2023-02-24;1314.43000
2023-02-23;1297.66000
2023-02-22;1302.63000
2023-02-21;1305.73000
2023-02-20;1296.02000
2023-02-17;1294.09000
2023-02-16;1289.49000
2023-02-15;1283.52000
2023-02-14;1272.20000
2023-02-13;1272.87000
2023-02-10;1267.43000
2023-02-09;1264.42000
2023-02-08;1260.45000
2023-02-07;1255.58000
2023-02-06;1260.23000
2023-02-03;1247.44000
2023-02-02;1224.78000
2023-02-01;1221.78000
2023-01-31;1233.28000
2023-01-30;1231.44000
2023-01-27;1231.10000
2023-01-26;1231.83000
2023-01-25;1232.81000
2023-01-24;1232.54000
2023-01-23;1229.95000
2023-01-20;1229.34000
2023-01-19;1232.20000
2023-01-18;1237.67000
2023-01-17;1236.88000
2023-01-16;1241.59000
2023-01-13;1237.23000
2023-01-12;1239.11000
2023-01-11;1241.73000
2023-01-10;1240.78000
2023-01-09;1239.25000
2023-01-06;1253.49000
2023-01-05;1274.16000
2023-01-04;1271.01000
2023-01-03;1278.42000
2023-01-02;1269.02000
2022-12-30;1261.87000
2022-12-29;1260.54000
2022-12-28;1274.35000
2022-12-27;1271.93000
2022-12-26;1273.88000
2022-12-23;1279.53000
2022-12-22;1291.62000
2022-12-21;1279.19000
2022-12-20;1283.68000
2022-12-19;1301.27000
2022-12-16;1309.46000
2022-12-15;1318.50000
2022-12-14;1295.39000
2022-12-13;1289.07000
2022-12-12;1306.06000
2022-12-09;1303.84000
2022-12-08;1315.82000
2022-12-07;1314.36000
2022-12-06;1319.79000
2022-12-05;1305.63000
2022-12-02;1297.87000
2022-12-01;1304.21000
2022-11-30;1301.63000
2022-11-29;1325.33000
2022-11-28;1339.85000
2022-11-25;1334.46000
2022-11-24;1326.49000
2022-11-23;1336.84000
2022-11-22;1352.64000
2022-11-21;1359.29000
2022-11-18;1339.69000
2022-11-17;1342.63000
2022-11-16;1336.64000
2022-11-15;1316.20000
2022-11-14;1323.83000
2022-11-11;1313.67000
2022-11-10;1349.81000
2022-11-09;1370.96000
2022-11-08;1374.63000
2022-11-07;1392.42000
2022-11-04;1403.27000
2022-11-03;1423.61000
2022-11-02;1412.36000
2022-11-01;1416.00000
2022-10-31;1425.57000
2022-10-28;1421.64000
2022-10-27;1420.81000
2022-10-26;1412.38000
2022-10-25;1426.61000
2022-10-24;1444.16000
2022-10-21;1428.30000
2022-10-20;1429.94000
2022-10-19;1434.51000
2022-10-18;1424.61000
2022-10-17;1430.25000
2022-10-14;1440.42000
2022-10-13;1430.67000
2022-10-12;1424.46000
2022-10-11;1431.36000
2022-10-10;1427.95000
2022-10-07;1415.46000
2022-10-06;1407.61000
2022-10-05;1416.07000
2022-10-04;1415.70000
2022-10-03;1431.58000
2022-09-30;1439.94000
2022-09-29;1429.39000
2022-09-28;1424.46000
2022-09-27;1425.41000
2022-09-26;1429.01000
2022-09-23;1421.26000
2022-09-22;1406.22000
2022-09-21;1396.28000
2022-09-20;1391.13000
2022-09-19;1389.98000
2022-09-16;1384.75000
2022-09-15;1398.39000
2022-09-14;1389.98000
2022-09-13;1394.66000
2022-09-12;1374.61000
2022-09-09;1379.74000
2022-09-08;1383.66000
2022-09-07;1377.09000
2022-09-06;1378.00000
2022-09-05;1369.34000
2022-09-02;1361.13000
2022-09-01;1355.77000
2022-08-31;1341.62000
2022-08-30;1349.56000
2022-08-29;1344.81000
2022-08-26;1341.79000
2022-08-25;1333.88000
2022-08-24;1340.28000
2022-08-23;1338.71000
2022-08-22;1342.43000
2022-08-19;1335.59000
2022-08-18;1325.73000
2022-08-17;1314.27000
2022-08-16;1310.47000
2022-08-15;1312.19000
2022-08-12;1301.28000
2022-08-11;1305.12000
2022-08-10;1297.42000
2022-08-09;1307.53000
2022-08-08;1298.96000
2022-08-05;1302.24000
2022-08-04;1302.01000
2022-08-03;1307.80000
2022-08-02;1313.93000
2022-08-01;1307.07000
2022-07-29;1302.95000
2022-07-28;1295.45000
2022-07-27;1306.20000
2022-07-26;1309.98000
2022-07-25;1309.87000
2022-07-22;1309.79000
2022-07-21;1306.11000
2022-07-20;1312.25000
2022-07-19;1305.12000
2022-07-18;1318.22000
2022-07-15;1317.79000
2022-07-14;1316.42000
2022-07-13;1304.54000
2022-07-12;1305.21000
2022-07-11;1309.93000
2022-07-08;1294.68000
2022-07-07;1297.23000
2022-07-06;1304.43000
2022-07-05;1308.11000
2022-07-04;1294.72000
2022-07-01;1298.66000
2022-06-30;1287.51000
2022-06-29;1301.90000
2022-06-28;1291.48000
2022-06-27;1285.07000
2022-06-24;1288.88000
2022-06-23;1299.18000
2022-06-22;1296.71000
2022-06-21;1290.73000
2022-06-20;1290.78000
2022-06-17;1291.26000
2022-06-16;1287.48000
2022-06-15;1278.12000
2022-06-14;1288.10000
2022-06-13;1290.36000
2022-06-10;1279.32000
2022-06-09;1263.80000
2022-06-08;1256.69000
2022-06-07;1254.35000
2022-06-06;1253.63000
2022-06-03;1250.58000
2022-06-02;1240.32000
2022-06-01;1246.75000
2022-05-31;1242.26000
2022-05-30;1235.34000
2022-05-27;1251.09000
2022-05-26;1260.05000
2022-05-25;1266.77000
2022-05-24;1261.22000
2022-05-23;1258.16000
2022-05-20;1273.87000
2022-05-19;1263.72000
2022-05-18;1275.33000
2022-05-17;1266.86000
2022-05-16;1280.16000
2022-05-13;1278.44000
2022-05-12;1290.87000
2022-05-11;1279.27000
2022-05-10;1275.59000
2022-05-09;1274.37000
2022-05-06;1269.98000
2022-05-05;1269.46000
2022-05-04;1251.52000
2022-05-03;1260.35000
2022-05-02;1266.70000
2022-04-29;1262.91000
2022-04-28;1272.12000
2022-04-27;1266.27000
2022-04-26;1260.67000
2022-04-25;1249.55000
2022-04-22;1244.79000
2022-04-21;1242.13000
2022-04-20;1233.71000
2022-04-19;1239.53000
2022-04-18;1234.28000
2022-04-15;1228.20000
2022-04-14;1230.58000
2022-04-13;1223.56000
2022-04-12;1228.08000
2022-04-11;1234.22000
2022-04-08;1229.19000
2022-04-07;1223.17000
2022-04-06;1218.17000
2022-04-05;1218.22000
2022-04-04;1213.75000
2022-04-01;1219.73000
2022-03-31;1214.17000
2022-03-30;1211.11000
2022-03-29;1208.18000
2022-03-28;1223.45000
2022-03-25;1225.08000
2022-03-24;1220.05000
2022-03-23;1218.62000
2022-03-22;1215.16000
2022-03-21;1218.22000
2022-03-18;1211.14000
2022-03-17;1210.38000
2022-03-16;1223.51000
2022-03-15;1242.12000
2022-03-14;1241.30000
2022-03-11;1237.08000
2022-03-10;1228.61000
2022-03-09;1223.13000
2022-03-08;1233.54000
2022-03-07;1232.13000
2022-03-04;1217.47000
2022-03-03;1205.55000
2022-03-02;1203.17000
2022-03-01;1205.33000
2022-02-28;1200.12000
2022-02-25;1197.57000
2022-02-24;1206.06000
2022-02-23;1192.44000
2022-02-22;1191.91000
2022-02-21;1193.65000
2022-02-18;1195.59000
2022-02-17;1198.62000
2022-02-16;1196.54000
2022-02-15;1196.76000
2022-02-14;1197.31000
2022-02-11;1199.50000
2022-02-10;1199.83000
2022-02-09;1194.06000
2022-02-08;1196.35000
2022-02-07;1196.87000
2022-02-04;1198.24000
2022-02-03;1199.44000
2022-02-02;1199.47000
2022-02-01;1202.30000
2022-01-31;1204.63000
2022-01-28;1209.57000
2022-01-27;1203.79000
2022-01-26;1196.52000
2022-01-25;1195.63000
2022-01-24;1195.58000
2022-01-21;1192.51000
2022-01-20;1192.43000
2022-01-19;1188.12000
2022-01-18;1192.55000
2022-01-17;1189.99000
2022-01-14;1190.07000
2022-01-13;1186.10000
2022-01-12;1185.88000
2022-01-11;1192.31000
2022-01-10;1198.03000
2022-01-07;1197.57000
2022-01-06;1204.95000
2022-01-05;1197.63000
2022-01-04;1197.49000
2022-01-03;1193.36000
2021-12-31;1187.96000
2021-12-30;1189.36000
2021-12-29;1184.70000
2021-12-28;1188.09000
2021-12-27;1185.66000
2021-12-24;1185.30000
2021-12-23;1185.55000
2021-12-22;1190.24000
2021-12-21;1190.94000
2021-12-20;1190.05000
2021-12-17;1187.70000
2021-12-16;1186.29000
2021-12-15;1184.51000
2021-12-14;1185.10000
2021-12-13;1184.87000
2021-12-10;1180.87000
2021-12-09;1178.16000
2021-12-08;1175.19000
2021-12-07;1176.73000
2021-12-06;1180.55000
2021-12-03;1180.98000
2021-12-02;1176.73000
2021-12-01;1176.93000
2021-11-30;1182.72000
2021-11-29;1190.63000
2021-11-26;1194.43000
2021-11-25;1190.18000
2021-11-24;1188.77000
2021-11-23;1189.09000
2021-11-22;1189.71000
2021-11-19;1186.85000
2021-11-18;1182.38000
2021-11-17;1180.45000
2021-11-16;1183.85000
2021-11-15;1183.42000
2021-11-12;1179.19000
2021-11-11;1182.39000
2021-11-10;1185.04000
2021-11-09;1178.40000
2021-11-08;1180.84000
2021-11-05;1181.05000
2021-11-04;1185.96000
2021-11-03;1178.83000
2021-11-02;1178.53000
2021-11-01;1177.21000
2021-10-29;1174.46000
2021-10-28;1169.42000
2021-10-27;1173.19000
2021-10-26;1167.49000
2021-10-25;1168.39000
2021-10-22;1177.48000
2021-10-21;1178.68000
2021-10-20;1176.43000
2021-10-19;1175.56000
2021-10-18;1185.74000
2021-10-15;1182.09000
2021-10-14;1182.15000
2021-10-13;1186.71000
2021-10-12;1197.87000
2021-10-11;1195.69000
2021-10-08;1196.79000
2021-10-07;1191.21000
2021-10-06;1190.73000
2021-10-05;1186.09000
2021-10-04;1184.42000
2021-10-01;1179.47000
2021-09-30;1184.44000
2021-09-29;1187.76000
2021-09-28;1187.74000
2021-09-27;1176.99000
2021-09-24;1179.68000
2021-09-23;1174.76000
2021-09-22;1181.77000
2021-09-21;1184.35000
2021-09-20;1186.80000
2021-09-17;1181.41000
2021-09-16;1175.20000
2021-09-15;1166.23000
2021-09-14;1171.48000
2021-09-13;1174.08000
2021-09-10;1170.22000
2021-09-09;1169.90000
2021-09-08;1166.53000
2021-09-07;1161.89000
2021-09-06;1156.33000
2021-09-03;1154.02000
2021-09-02;1158.98000
2021-09-01;1156.03000
2021-08-31;1159.33000
2021-08-30;1165.52000
2021-08-27;1161.23000
2021-08-26;1170.33000
2021-08-25;1163.83000
2021-08-24;1163.67000
2021-08-23;1169.36000
2021-08-20;1175.10000
2021-08-19;1176.03000
2021-08-18;1171.16000
2021-08-17;1177.84000
2021-08-16;1165.53000
2021-08-13;1161.36000
2021-08-12;1161.03000
2021-08-11;1152.81000
2021-08-10;1152.42000
2021-08-09;1146.89000
2021-08-06;1144.93000
2021-08-05;1143.53000
2021-08-04;1143.43000
2021-08-03;1148.49000
2021-08-02;1150.73000
2021-07-30;1151.57000
2021-07-29;1143.18000
2021-07-28;1150.18000
2021-07-27;1154.28000
2021-07-26;1152.56000
2021-07-23;1151.42000
2021-07-22;1150.56000
2021-07-21;1149.30000
2021-07-20;1148.24000
2021-07-19;1151.78000
2021-07-16;1141.52000
2021-07-15;1141.28000
2021-07-14;1143.91000
2021-07-13;1149.84000
2021-07-12;1145.10000
2021-07-09;1143.80000
2021-07-08;1144.83000
2021-07-07;1141.59000
2021-07-06;1136.76000
2021-07-05;1131.63000
2021-07-02;1130.45000
2021-07-01;1132.93000
2021-06-30;1130.45000
2021-06-29;1131.62000
2021-06-28;1130.01000
2021-06-25;1126.87000
2021-06-24;1130.96000
2021-06-23;1135.11000
2021-06-22;1131.73000
2021-06-21;1132.08000
2021-06-18;1134.25000
2021-06-17;1134.30000
2021-06-16;1132.83000
2021-06-15;1116.83000
2021-06-14;1116.53000
2021-06-11;1116.39000
2021-06-10;1112.53000
2021-06-09;1115.23000
2021-06-08;1117.72000
2021-06-07;1109.53000
2021-06-04;1110.51000
2021-06-03;1116.46000
2021-06-02;1110.87000
2021-06-01;1108.13000
2021-05-31;1107.02000
2021-05-28;1113.07000
2021-05-27;1117.93000
2021-05-26;1116.73000
2021-05-25;1122.38000
2021-05-24;1123.38000
2021-05-21;1127.63000
2021-05-20;1127.65000
2021-05-19;1131.28000
2021-05-18;1127.08000
2021-05-17;1137.43000
2021-05-14;1126.04000
2021-05-13;1126.63000
2021-05-12;1132.73000
2021-05-11;1119.43000
2021-05-10;1116.88000
2021-05-07;1111.23000
2021-05-06;1120.48000
2021-05-05;1124.85000
2021-05-04;1125.71000
2021-05-03;1119.55000
2021-04-30;1117.15000
2021-04-29;1107.73000
2021-04-28;1109.89000
2021-04-27;1113.23000
2021-04-26;1110.48000
2021-04-23;1114.84000
2021-04-22;1118.83000
2021-04-21;1116.68000
2021-04-20;1117.18000
2021-04-19;1115.58000
2021-04-16;1116.49000
2021-04-15;1116.78000
2021-04-14;1116.28000
2021-04-13;1121.60000
2021-04-12;1124.36000
2021-04-09;1120.98000
2021-04-08;1116.78000
2021-04-07;1119.03000
2021-04-06;1119.11000
2021-04-05;1124.24000
2021-04-02;1128.64000
2021-04-01;1128.71000
2021-03-31;1127.39000
2021-03-30;1132.01000
2021-03-29;1131.67000
2021-03-26;1128.58000
2021-03-25;1135.11000
2021-03-24;1135.00000
2021-03-23;1132.85000
2021-03-22;1125.90000
2021-03-19;1128.96000
2021-03-18;1127.80000
2021-03-17;1121.08000
2021-03-16;1130.43000
2021-03-15;1134.67000
2021-03-12;1136.00000
2021-03-11;1130.35000
2021-03-10;1136.65000
2021-03-09;1135.15000
2021-03-08;1140.83000
2021-03-05;1128.00000
2021-03-04;1131.02000
2021-03-03;1126.85000
2021-03-02;1125.10000
2021-03-01;1112.46000
2021-02-26;1123.88000
2021-02-25;1118.78000
2021-02-24;1107.25000
2021-02-23;1110.13000
2021-02-22;1111.60000
2021-02-19;1104.29000
2021-02-18;1106.95000
2021-02-17;1105.62000
2021-02-16;1106.58000
2021-02-15;1101.31000
2021-02-12;1102.61000
2021-02-11;1102.12000
2021-02-10;1105.48000
2021-02-09;1110.87000
2021-02-08;1115.76000
2021-02-05;1116.76000
2021-02-04;1120.01000
2021-02-03;1113.45000
2021-02-02;1114.97000
2021-02-01;1116.54000
2021-01-29;1117.64000
2021-01-28;1112.51000
2021-01-27;1108.37000
2021-01-26;1101.02000
2021-01-25;1102.57000
2021-01-22;1105.40000
2021-01-21;1099.88000
2021-01-20;1096.47000
2021-01-19;1101.44000
2021-01-18;1102.61000
2021-01-15;1103.27000
2021-01-14;1095.87000
2021-01-13;1097.13000
2021-01-12;1094.46000
2021-01-11;1097.16000
2021-01-08;1095.61000
2021-01-07;1094.29000
2021-01-06;1087.92000
2021-01-05;1086.42000
2021-01-04;1086.48000
2021-01-01;1086.30000
2020-12-31;1084.47000
2020-12-30;1087.62000
2020-12-29;1090.97000
2020-12-28;1095.65000
2020-12-25;1099.89000
2020-12-24;1101.59000
2020-12-23;1106.61000
2020-12-22;1109.71000
2020-12-21;1102.56000
2020-12-18;1099.38000
2020-12-17;1093.01000
2020-12-16;1092.42000
2020-12-15;1089.42000
2020-12-14;1093.15000
2020-12-11;1091.67000
2020-12-10;1085.57000
2020-12-09;1084.64000
2020-12-08;1084.80000
2020-12-07;1083.51000
2020-12-04;1084.27000
2020-12-03;1092.08000
2020-12-02;1100.01000
2020-12-01;1105.73000
2020-11-30;1109.15000
2020-11-27;1104.43000
2020-11-26;1105.57000
2020-11-25;1106.21000
2020-11-24;1109.64000
2020-11-23;1113.01000
2020-11-20;1114.93000
2020-11-19;1113.59000
2020-11-18;1106.03000
2020-11-17;1105.14000
2020-11-16;1107.04000
2020-11-13;1107.62000
2020-11-12;1114.84000
2020-11-11;1110.80000
2020-11-10;1117.05000
2020-11-09;1119.02000
2020-11-06;1121.40000
2020-11-05;1122.88000
2020-11-04;1142.96000
2020-11-03;1131.32000
2020-11-02;1132.95000
2020-10-30;1136.49000
2020-10-29;1130.20000
2020-10-28;1135.24000
2020-10-27;1129.42000
2020-10-26;1132.09000
2020-10-23;1127.92000
2020-10-22;1134.82000
2020-10-21;1132.57000
2020-10-20;1138.83000
2020-10-19;1140.08000
2020-10-16;1142.13000
2020-10-15;1145.19000
2020-10-14;1147.22000
2020-10-13;1148.41000
2020-10-12;1147.95000
2020-10-09;1143.52000
2020-10-08;1151.18000
2020-10-07;1157.34000
2020-10-06;1164.45000
2020-10-05;1156.75000
2020-10-02;1166.26000
2020-10-01;1162.90000
2020-09-30;1164.25000
2020-09-29;1168.18000
2020-09-28;1167.28000
2020-09-25;1174.32000
2020-09-24;1168.88000
2020-09-23;1170.59000
2020-09-22;1163.24000
2020-09-21;1163.73000
2020-09-18;1164.82000
2020-09-17;1169.24000
2020-09-16;1172.94000
2020-09-15;1179.80000
2020-09-14;1181.17000
2020-09-11;1187.89000
2020-09-10;1188.09000
2020-09-09;1184.74000
2020-09-08;1190.03000
2020-09-07;1187.16000
2020-09-04;1187.30000
2020-09-03;1191.64000
2020-09-02;1189.03000
2020-09-01;1185.05000
2020-08-31;1187.68000
2020-08-28;1180.48000
2020-08-27;1187.54000
2020-08-26;1184.45000
2020-08-25;1187.30000
2020-08-24;1188.54000
2020-08-21;1191.55000
2020-08-20;1184.86000
2020-08-19;1181.70000
2020-08-18;1182.69000
2020-08-17;1183.90000
2020-08-14;1186.94000
2020-08-13;1184.97000
2020-08-12;1183.22000
2020-08-11;1185.67000
2020-08-10;1185.73000
2020-08-07;1188.68000
2020-08-06;1183.75000
2020-08-05;1185.68000
2020-08-04;1192.80000
2020-08-03;1192.24000
2020-07-31;1193.00000
2020-07-30;1189.24000
2020-07-29;1189.79000
2020-07-28;1198.85000
2020-07-27;1195.31000
2020-07-24;1201.50000
2020-07-23;1201.15000
2020-07-22;1197.20000
2020-07-21;1193.37000
2020-07-20;1200.21000
2020-07-17;1203.44000
2020-07-16;1204.80000
2020-07-15;1201.09000
2020-07-14;1204.38000
2020-07-13;1203.32000
2020-07-10;1200.42000
2020-07-09;1196.40000
2020-07-08;1191.90000
2020-07-07;1196.21000
2020-07-06;1191.90000
2020-07-03;1198.93000
2020-07-02;1198.76000
2020-07-01;1201.18000
2020-06-30;1198.92000
2020-06-29;1199.00000
2020-06-26;1203.80000
2020-06-25;1201.90000
2020-06-24;1205.76000
2020-06-23;1207.62000
2020-06-22;1208.86000
2020-06-19;1211.83000
2020-06-18;1211.93000
2020-06-17;1214.86000
2020-06-16;1211.46000
2020-06-15;1205.26000
2020-06-12;1205.26000
2020-06-11;1205.24000
2020-06-10;1190.00000
2020-06-09;1197.79000
2020-06-08;1195.63000
2020-06-05;1202.00000
2020-06-04;1217.04000
2020-06-03;1215.20000
2020-06-02;1219.60000
2020-06-01;1222.60000
2020-05-29;1231.46000
2020-05-28;1237.62000
2020-05-27;1237.90000
2020-05-26;1230.14000
2020-05-25;1240.49000
2020-05-22;1240.58000
2020-05-21;1233.09000
2020-05-20;1226.52000
2020-05-19;1224.86000
2020-05-18;1224.57000
2020-05-15;1232.19000
2020-05-14;1226.50000
2020-05-13;1226.92000
2020-05-12;1225.68000
2020-05-11;1222.49000
2020-05-08;1219.15000
2020-05-07;1218.66000
2020-05-06;1228.11000
2020-05-05;1219.59000
2020-05-04;1222.45000
2020-05-01;1224.39000
2020-04-30;1211.99000
2020-04-29;1209.66000
2020-04-28;1220.41000
2020-04-27;1220.94000
2020-04-24;1230.03000
2020-04-23;1232.73000
2020-04-22;1232.99000
2020-04-21;1231.31000
2020-04-20;1220.04000
2020-04-17;1215.63000
2020-04-16;1226.67000
2020-04-15;1222.96000
2020-04-14;1210.71000
2020-04-13;1213.92000
2020-04-10;1210.55000
2020-04-09;1209.51000
2020-04-08;1214.75000
2020-04-07;1213.81000
2020-04-06;1223.16000
2020-04-03;1234.50000
2020-04-02;1226.88000
2020-04-01;1234.80000
2020-03-31;1217.67000
2020-03-30;1223.26000
2020-03-27;1211.73000
2020-03-26;1212.26000
2020-03-25;1232.50000
2020-03-24;1233.12000
2020-03-23;1272.00000
2020-03-20;1253.95000
2020-03-19;1256.95000
2020-03-18;1255.53000
2020-03-17;1238.08000
2020-03-16;1231.99000
2020-03-13;1210.78000
2020-03-12;1210.11000
2020-03-11;1190.81000
2020-03-10;1184.02000
2020-03-09;1200.12000
2020-03-06;1188.20000
2020-03-05;1187.73000
2020-03-04;1183.71000
2020-03-03;1180.00000
2020-03-02;1188.34000
2020-02-28;1199.70000
2020-02-27;1211.33000
2020-02-26;1211.35000
2020-02-25;1214.56000
2020-02-24;1218.09000
2020-02-21;1206.41000
2020-02-20;1203.71000
2020-02-19;1191.35000
2020-02-18;1189.61000
2020-02-17;1183.85000
2020-02-14;1181.96000
2020-02-13;1182.56000
2020-02-12;1177.46000
2020-02-11;1180.22000
2020-02-10;1186.14000
2020-02-07;1190.89000
2020-02-06;1184.31000
2020-02-05;1182.36000
2020-02-04;1182.00000
2020-02-03;1188.85000
2020-01-31;1194.50000
2020-01-30;1186.63000
2020-01-29;1178.45000
2020-01-28;1173.90000
2020-01-27;1175.52000
2020-01-24;1168.70000
2020-01-23;1167.15000
2020-01-22;1163.24000
2020-01-21;1167.79000
2020-01-20;1157.07000
2020-01-17;1159.94000
2020-01-16;1159.07000
2020-01-15;1156.45000
2020-01-14;1156.71000
2020-01-13;1153.34000
2020-01-10;1157.47000
2020-01-09;1157.33000
2020-01-08;1160.85000
2020-01-07;1165.95000
2020-01-06;1166.93000
2020-01-03;1164.45000
2020-01-02;1156.65000
2020-01-01;1153.52000
2019-12-31;1153.25000
2019-12-30;1155.81000
2019-12-27;1158.45000
2019-12-26;1160.78000
2019-12-25;1159.26000
2019-12-24;1161.72000
2019-12-23;1162.50000
2019-12-20;1158.49000
2019-12-19;1161.71000
2019-12-18;1164.36000
2019-12-17;1162.48000
2019-12-16;1167.87000
2019-12-13;1175.07000
2019-12-12;1169.59000
2019-12-11;1188.97000
2019-12-10;1189.82000
2019-12-09;1188.19000
2019-12-06;1185.01000
2019-12-05;1186.63000
2019-12-04;1189.36000
2019-12-03;1187.26000
2019-12-02;1184.11000
2019-11-29;1180.20000
2019-11-28;1176.53000
2019-11-27;1174.85000
2019-11-26;1171.23000
2019-11-25;1171.91000
2019-11-22;1178.83000
2019-11-21;1174.66000
2019-11-20;1168.82000
2019-11-19;1166.39000
2019-11-18;1165.25000
2019-11-15;1162.15000
2019-11-14;1167.06000
2019-11-13;1169.36000
2019-11-12;1164.46000
2019-11-11;1163.41000
2019-11-08;1158.04000
2019-11-07;1153.27000
2019-11-06;1159.55000
2019-11-05;1154.71000
2019-11-04;1162.44000
2019-11-01;1164.17000
2019-10-31;1167.98000
2019-10-30;1163.20000
2019-10-29;1165.25000
2019-10-28;1166.20000
2019-10-25;1171.16000
2019-10-24;1172.88000
2019-10-23;1168.34000
2019-10-22;1170.76000
2019-10-21;1170.20000
2019-10-18;1177.41000
2019-10-17;1178.40000
2019-10-16;1184.15000
2019-10-15;1183.43000
2019-10-14;1182.56000
2019-10-11;1181.98000
2019-10-10;1188.30000
2019-10-09;1196.71000
2019-10-08;1197.99000
2019-10-07;1195.29000
2019-10-04;1190.75000
2019-10-03;1199.60000
2019-10-02;1203.87000
2019-10-01;1201.20000
2019-09-30;1197.50000
2019-09-27;1201.49000
2019-09-26;1197.99000
2019-09-25;1197.76000
2019-09-24;1193.02000
2019-09-23;1193.61000
2019-09-20;1192.63000
2019-09-19;1192.81000
2019-09-18;1189.86000
2019-09-17;1185.99000
2019-09-16;1182.79000
2019-09-13;1178.22000
2019-09-12;1180.96000
2019-09-11;1189.34000
2019-09-10;1189.81000
2019-09-09;1191.16000
2019-09-06;1191.27000
2019-09-05;1195.53000
2019-09-04;1202.21000
2019-09-03;1209.39000
2019-09-02;1212.24000
2019-08-30;1209.00000
2019-08-29;1206.69000
2019-08-28;1212.56000
2019-08-27;1210.29000
2019-08-26;1210.30000
2019-08-23;1212.16000
2019-08-22;1209.79000
2019-08-21;1201.91000
2019-08-20;1205.72000
2019-08-19;1210.38000
2019-08-16;1206.97000
2019-08-15;1211.00000
2019-08-14;1215.15000
2019-08-13;1205.14000
2019-08-12;1217.07000
2019-08-09;1215.22000
2019-08-08;1205.69000
2019-08-07;1212.46000
2019-08-06;1212.46000
2019-08-05;1215.90000
2019-08-02;1204.01000
2019-08-01;1188.06000
2019-07-31;1187.68000
2019-07-30;1180.29000
2019-07-29;1182.30000
2019-07-26;1182.74000
2019-07-25;1183.00000
2019-07-24;1176.90000
2019-07-23;1178.39000
2019-07-22;1174.70000
2019-07-19;1174.61000
2019-07-18;1170.42000
2019-07-17;1178.19000
2019-07-16;1177.40000
2019-07-15;1178.80000
2019-07-12;1175.82000
2019-07-11;1172.71000
2019-07-10;1174.15000
2019-07-09;1181.00000
2019-07-08;1178.48000
2019-07-05;1174.09000
2019-07-04;1166.82000
2019-07-03;1169.29000
2019-07-02;1165.11000
2019-07-01;1159.27000
2019-06-28;1154.88000
2019-06-27;1156.04000
2019-06-26;1152.52000
2019-06-25;1155.07000
2019-06-24;1153.53000
2019-06-21;1157.70000
2019-06-20;1157.32000
2019-06-19;1170.09000
2019-06-18;1173.08000
2019-06-17;1184.80000
2019-06-14;1185.23000
2019-06-13;1180.58000
2019-06-12;1182.93000
2019-06-11;1177.70000
2019-06-10;1182.10000
2019-06-07;1180.57000
2019-06-06;1178.22000
2019-06-05;1178.25000
2019-06-04;1176.45000
2019-06-03;1177.80000
2019-05-31;1187.50000
2019-05-30;1187.83000
2019-05-29;1192.25000
2019-05-28;1186.20000
2019-05-27;1182.90000
2019-05-24;1184.50000
2019-05-23;1188.30000
2019-05-22;1189.29000
2019-05-21;1191.22000
2019-05-20;1193.33000
2019-05-17;1193.23000
2019-05-16;1190.78000
2019-05-15;1185.34000
2019-05-14;1186.73000
2019-05-13;1187.32000
2019-05-10;1173.70000
2019-05-09;1178.71000
2019-05-08;1171.70000
2019-05-07;1170.80000
2019-05-06;1168.47000
2019-05-03;1163.18000
2019-05-02;1165.61000
2019-05-01;1164.27000
2019-04-30;1163.66000
2019-04-29;1158.30000
2019-04-26;1157.40000
2019-04-25;1158.50000
2019-04-24;1154.79000
2019-04-23;1141.51000
2019-04-22;1139.95000
2019-04-19;1135.08000
2019-04-18;1136.06000
2019-04-17;1130.70000
2019-04-16;1136.19000
2019-04-15;1133.70000
2019-04-12;1133.22000
2019-04-11;1140.50000
2019-04-10;1136.40000
2019-04-09;1139.58000
2019-04-08;1141.63000
2019-04-05;1136.19000
2019-04-04;1134.80000
2019-04-03;1134.02000
2019-04-02;1135.90000
2019-04-01;1132.13000
2019-03-29;1135.60000
2019-03-28;1134.05000
2019-03-27;1138.18000
2019-03-26;1133.41000
2019-03-25;1133.45000
2019-03-22;1134.61000
2019-03-21;1127.87000
2019-03-20;1124.70000
2019-03-19;1129.22000
2019-03-18;1130.78000
2019-03-15;1134.20000
2019-03-14;1134.80000
2019-03-13;1129.30000
2019-03-12;1126.71000
2019-03-11;1130.70000
2019-03-08;1132.40000
2019-03-07;1133.20000
2019-03-06;1126.72000
2019-03-05;1125.60000
2019-03-04;1126.90000
2019-03-01;1126.17000
2019-02-28;1123.99000
2019-02-27;1116.20000
2019-02-26;1114.13000
2019-02-25;1117.00000
2019-02-22;1121.49000
2019-02-21;1123.95000
2019-02-20;1121.66000
2019-02-19;1121.03000
2019-02-18;1124.35000
2019-02-15;1125.50000
2019-02-14;1127.60000
2019-02-13;1123.75000
2019-02-12;1121.83000
2019-02-11;1124.52000
2019-02-08;1123.00000
2019-02-07;1123.16000
2019-02-06;1121.28000
2019-02-05;1118.70000
2019-02-04;1120.50000
2019-02-01;1118.00000
2019-01-31;1110.95000
2019-01-30;1109.50000
2019-01-29;1116.98000
2019-01-28;1120.20000
2019-01-25;1117.28000
2019-01-24;1126.96000
2019-01-23;1125.16000
2019-01-22;1129.60000
2019-01-21;1132.37000
2019-01-18;1124.58000
2019-01-17;1120.33000
2019-01-16;1118.84000
2019-01-15;1121.83000
2019-01-14;1121.30000
2019-01-11;1116.73000
2019-01-10;1116.33000
2019-01-09;1118.20000
2019-01-08;1120.42000
2019-01-07;1116.20000
2019-01-04;1115.35000
2019-01-03;1123.52000
2019-01-02;1120.81000
2019-01-01;1113.00000
2018-12-31;1111.68000
2018-12-28;1115.55000
2018-12-27;1119.40000
2018-12-26;1123.02000
2018-12-25;1122.73000
2018-12-24;1122.39000
2018-12-21;1128.00000
2018-12-20;1121.10000
2018-12-19;1128.30000
2018-12-18;1125.50000
2018-12-17;1127.85000
2018-12-14;1131.50000
2018-12-13;1125.80000
2018-12-12;1123.18000
2018-12-11;1127.31000
2018-12-10;1130.75000
2018-12-07;1123.50000
2018-12-06;1118.30000
2018-12-05;1111.53000
2018-12-04;1110.06000
2018-12-03;1107.73000
2018-11-30;1118.94000
2018-11-29;1116.78000
2018-11-28;1121.85000
2018-11-27;1129.12000
2018-11-26;1128.32000
2018-11-23;1132.00000
2018-11-22;1134.35000
2018-11-21;1135.40000
2018-11-20;1128.91000
2018-11-19;1125.60000
2018-11-16;1119.90000
2018-11-15;1126.51000
2018-11-14;1129.85000
2018-11-13;1130.33000
2018-11-12;1137.25000
2018-11-09;1129.19000
2018-11-08;1119.42000
2018-11-07;1114.83000
2018-11-06;1119.85000
2018-11-05;1121.00000
2018-11-02;1116.60000
2018-11-01;1128.55000
2018-10-31;1140.33000
2018-10-30;1138.15000
2018-10-29;1141.50000
2018-10-26;1138.78000
2018-10-25;1134.80000
2018-10-24;1137.10000
2018-10-23;1136.00000
2018-10-22;1130.70000
2018-10-19;1130.65000
2018-10-18;1136.40000
2018-10-17;1127.25000
2018-10-16;1122.23000
2018-10-15;1134.31000
2018-10-12;1129.80000
2018-10-11;1134.35000
2018-10-10;1142.07000
2018-10-09;1132.20000
2018-10-08;1132.99000
2018-10-05;1130.50000
2018-10-04;1132.37000
2018-10-03;1124.13000
2018-10-02;1116.90000
2018-10-01;1111.97000
2018-09-28;1109.48000
2018-09-27;1111.41000
2018-09-26;1113.93000
2018-09-25;1115.49000
2018-09-24;1117.77000
2018-09-21;1113.45000
2018-09-20;1115.74000
2018-09-19;1121.90000
2018-09-18;1119.86000
2018-09-17;1124.87000
2018-09-14;1120.16000
2018-09-13;1120.57000
2018-09-12;1125.65000
2018-09-11;1124.46000
2018-09-10;1136.30000
2018-09-07;1127.07000
2018-09-06;1124.45000
2018-09-05;1117.70000
2018-09-04;1121.12000
2018-09-03;1113.70000
2018-08-31;1114.96000
2018-08-30;1115.07000
2018-08-29;1108.68000
2018-08-28;1106.25000
2018-08-27;1108.00000
2018-08-24;1113.83000
2018-08-23;1125.60000
2018-08-22;1116.28000
2018-08-21;1114.80000
2018-08-20;1116.60000
2018-08-17;1119.02000
2018-08-16;1125.83000
2018-08-15;1135.60000
2018-08-14;1126.01000
2018-08-13;1135.45000
2018-08-10;1128.67000
2018-08-09;1121.70000
2018-08-08;1115.30000
2018-08-07;1115.97000
2018-08-06;1124.81000
2018-08-03;1121.84000
2018-08-02;1127.71000
2018-08-01;1118.03000
2018-07-31;1111.66000
2018-07-30;1116.15000
2018-07-27;1114.15000
2018-07-26;1122.67000
2018-07-25;1115.50000
2018-07-24;1127.61000
2018-07-23;1131.91000
2018-07-20;1126.40000
2018-07-19;1133.99000
2018-07-18;1130.90000
2018-07-17;1124.72000
2018-07-16;1127.14000
2018-07-13;1128.50000
2018-07-12;1122.35000
2018-07-11;1126.63000
2018-07-10;1112.13000
2018-07-09;1111.99000
2018-07-06;1114.19000
2018-07-05;1117.78000
2018-07-04;1114.79000
2018-07-03;1112.83000
2018-07-02;1117.69000
2018-06-29;1113.41000
2018-06-28;1119.61000
2018-06-27;1122.39000
2018-06-26;1117.03000
2018-06-25;1113.59000
2018-06-22;1110.50000
2018-06-21;1108.97000
2018-06-20;1108.25000
2018-06-19;1111.33000
2018-06-18;1103.59000
2018-06-15;1101.92000
2018-06-14;1089.49000
2018-06-13;1084.37000
2018-06-12;1078.64000
2018-06-11;1075.45000
2018-06-08;1073.43000
2018-06-07;1070.59000
2018-06-06;1064.71000
2018-06-05;1070.35000
2018-06-04;1069.89000
2018-06-01;1070.13000
2018-05-31;1079.16000
2018-05-30;1075.08000
2018-05-29;1083.53000
2018-05-28;1072.83000
2018-05-25;1076.50000
2018-05-24;1078.84000
2018-05-23;1076.25000
2018-05-22;1074.31000
2018-05-21;1075.59000
2018-05-18;1080.07000
2018-05-17;1080.25000
2018-05-16;1075.39000
2018-05-15;1078.57000
2018-05-14;1069.15000
2018-05-11;1066.50000
2018-05-10;1063.45000
2018-05-09;1077.40000
2018-05-08;1077.42000
2018-05-07;1077.76000
2018-05-04;1072.61000
2018-05-03;1073.71000
2018-05-02;1078.17000
2018-05-01;1072.33000
2018-04-30;1068.79000
2018-04-27;1066.23000
2018-04-26;1076.29000
2018-04-25;1080.77000
2018-04-24;1075.67000
2018-04-23;1079.62000
2018-04-20;1069.60000
2018-04-19;1065.84000
2018-04-18;1063.49000
2018-04-17;1065.60000
2018-04-16;1069.16000
2018-04-13;1070.18000
2018-04-12;1069.44000
2018-04-11;1065.34000
2018-04-10;1063.07000
2018-04-09;1068.31000
2018-04-06;1069.25000
2018-04-05;1060.93000
2018-04-04;1056.86000
2018-04-03;1053.37000
2018-04-02;1055.29000
2018-03-30;1059.75000
2018-03-29;1061.45000
2018-03-28;1062.77000
2018-03-27;1073.49000
2018-03-26;1073.94000
2018-03-23;1082.37000
2018-03-22;1079.32000
2018-03-21;1063.42000
2018-03-20;1070.21000
2018-03-19;1071.75000
2018-03-16;1069.03000
2018-03-15;1068.24000
2018-03-14;1062.51000
2018-03-13;1065.79000
2018-03-12;1063.47000
2018-03-09;1063.88000
2018-03-08;1072.69000
2018-03-07;1065.69000
2018-03-06;1062.54000
2018-03-05;1076.16000
2018-03-02;1078.19000
2018-03-01;1081.13000
2018-02-28;1084.57000
2018-02-27;1080.01000
2018-02-26;1069.20000
2018-02-23;1075.50000
2018-02-22;1078.93000
2018-02-21;1074.66000
2018-02-20;1072.73000
2018-02-19;1065.89000
2018-02-16;1065.69000
2018-02-15;1062.47000
2018-02-14;1068.79000
2018-02-13;1084.17000
2018-02-12;1081.57000
2018-02-09;1084.17000
2018-02-08;1095.44000
2018-02-07;1089.13000
2018-02-06;1078.55000
2018-02-05;1092.71000
2018-02-02;1088.50000
2018-02-01;1070.83000
2018-01-31;1068.45000
2018-01-30;1071.91000
2018-01-29;1069.54000
2018-01-26;1063.17000
2018-01-25;1064.76000
2018-01-24;1063.64000
2018-01-23;1072.50000
2018-01-22;1068.31000
2018-01-19;1066.61000
2018-01-18;1069.04000
2018-01-17;1066.19000
2018-01-16;1061.81000
2018-01-15;1061.45000
2018-01-12;1058.50000
2018-01-11;1064.21000
2018-01-10;1068.65000
2018-01-09;1070.61000
2018-01-08;1067.21000
2018-01-05;1061.50000
2018-01-04;1060.65000
2018-01-03;1063.49000
2018-01-02;1061.73000
2018-01-01;1065.88000
2017-12-29;1065.87000
2017-12-28;1069.09000
2017-12-27;1073.31000
2017-12-26;1074.59000
2017-12-25;1075.76000
2017-12-22;1076.24000
2017-12-21;1079.31000
2017-12-20;1079.45000
2017-12-19;1083.72000
2017-12-18;1084.47000
2017-12-15;1087.45000
2017-12-14;1087.57000
2017-12-13;1083.13000
2017-12-12;1090.99000
2017-12-11;1087.27000
2017-12-08;1091.35000
2017-12-07;1091.87000
2017-12-06;1092.11000
2017-12-05;1085.06000
2017-12-04;1084.83000
2017-12-01;1081.97000
2017-11-30;1086.76000
2017-11-29;1080.31000
2017-11-28;1082.89000
2017-11-27;1089.85000
2017-11-24;1084.11000
2017-11-23;1082.47000
2017-11-22;1084.69000
2017-11-21;1089.00000
2017-11-20;1095.07000
2017-11-17;1092.82000
2017-11-16;1095.60000
2017-11-15;1105.17000
2017-11-14;1114.04000
2017-11-13;1119.05000
2017-11-10;1119.37000
2017-11-09;1118.39000
2017-11-08;1112.49000
2017-11-07;1111.98000
2017-11-06;1113.17000
2017-11-03;1114.79000
2017-11-02;1111.17000
2017-11-01;1109.96000
2017-10-31;1116.85000
2017-10-30;1123.09000
2017-10-27;1124.47000
2017-10-26;1127.53000
2017-10-25;1126.09000
2017-10-24;1128.87000
2017-10-23;1128.75000
2017-10-20;1130.81000
2017-10-19;1127.49000
2017-10-18;1131.02000
2017-10-17;1129.51000
2017-10-16;1126.53000
2017-10-13;1125.17000
2017-10-12;1131.35000
2017-10-11;1130.99000
2017-10-10;1133.69000
2017-10-09;1142.44000
2017-10-06;1143.81000
2017-10-05;1141.17000
2017-10-04;1141.63000
2017-10-03;1141.89000
2017-10-02;1142.29000
2017-09-29;1143.79000
2017-09-28;1145.36000
2017-09-27;1144.63000
2017-09-26;1135.99000
2017-09-25;1133.36000
2017-09-22;1131.63000
2017-09-21;1131.07000
2017-09-20;1130.70000
2017-09-19;1129.68000
2017-09-18;1128.39000
2017-09-15;1131.71000
2017-09-14;1132.67000
2017-09-13;1130.48000
2017-09-12;1126.93000
2017-09-11;1128.82000
2017-09-08;1130.47000
2017-09-07;1126.65000
2017-09-06;1131.08000
2017-09-05;1130.75000
2017-09-04;1131.39000
2017-09-01;1120.19000
2017-08-31;1123.10000
2017-08-30;1122.53000
2017-08-29;1123.17000
2017-08-28;1117.70000
2017-08-25;1120.09000
2017-08-24;1126.54000
2017-08-23;1125.23000
2017-08-22;1130.74000
2017-08-21;1137.55000
2017-08-18;1138.27000
2017-08-17;1140.42000
2017-08-16;1134.17000
2017-08-15;1134.23000
2017-08-14;1137.70000
2017-08-11;1141.36000
2017-08-10;1143.35000
2017-08-09;1138.03000
2017-08-08;1125.37000
2017-08-07;1125.65000
2017-08-04;1127.27000
2017-08-03;1126.93000
2017-08-02;1121.67000
2017-08-01;1119.81000
2017-07-31;1118.09000
2017-07-28;1123.19000
2017-07-27;1115.29000
2017-07-26;1110.95000
2017-07-25;1118.72000
2017-07-24;1113.44000
2017-07-21;1117.33000
2017-07-20;1120.11000
2017-07-19;1123.01000
2017-07-18;1123.75000
2017-07-17;1126.93000
2017-07-14;1127.59000
2017-07-13;1136.39000
2017-07-12;1136.69000
2017-07-11;1147.81000
2017-07-10;1148.05000
2017-07-07;1152.24000
2017-07-06;1155.89000
2017-07-05;1152.05000
2017-07-04;1148.99000
2017-07-03;1149.44000
2017-06-30;1143.93000
2017-06-29;1145.51000
2017-06-28;1137.41000
2017-06-27;1139.25000
2017-06-26;1132.57000
2017-06-23;1133.39000
2017-06-22;1138.02000
2017-06-21;1141.95000
2017-06-20;1140.46000
2017-06-19;1135.13000
2017-06-16;1131.50000
2017-06-15;1129.45000
2017-06-14;1118.63000
2017-06-13;1126.05000
2017-06-12;1129.85000
2017-06-09;1123.79000
2017-06-08;1120.81000
2017-06-07;1122.55000
2017-06-06;1116.65000
2017-06-05;1116.25000
2017-06-02;1116.89000
2017-06-01;1120.63000
2017-05-31;1118.31000
2017-05-30;1123.33000
2017-05-29;1121.61000
2017-05-26;1117.33000
2017-05-25;1118.97000
2017-05-24;1117.96000
2017-05-23;1123.63000
2017-05-22;1114.28000
2017-05-19;1116.11000
2017-05-18;1127.84000
2017-05-17;1121.41000
2017-05-16;1114.28000
2017-05-15;1116.75000
2017-05-12;1121.91000
2017-05-11;1122.81000
2017-05-10;1129.65000
2017-05-09;1137.49000
2017-05-08;1131.97000
2017-05-05;1134.21000
2017-05-04;1134.57000
2017-05-03;1132.31000
2017-05-02;1127.53000
2017-05-01;1135.91000
2017-04-28;1136.37000
2017-04-27;1130.25000
2017-04-26;1131.25000
2017-04-25;1124.93000
2017-04-24;1133.15000
2017-04-21;1133.07000
2017-04-20;1136.49000
2017-04-19;1141.29000
2017-04-18;1141.27000
2017-04-17;1131.15000
2017-04-14;1134.95000
2017-04-13;1134.59000
2017-04-12;1133.17000
2017-04-11;1144.42000
2017-04-10;1141.37000
2017-04-07;1136.39000
2017-04-06;1129.57000
2017-04-05;1126.67000
2017-04-04;1123.65000
2017-04-03;1115.81000
2017-03-31;1116.15000
2017-03-30;1116.45000
2017-03-29;1109.27000
2017-03-28;1114.86000
2017-03-27;1109.89000
2017-03-24;1116.05000
2017-03-23;1120.87000
2017-03-22;1115.71000
2017-03-21;1122.09000
2017-03-20;1113.49000
2017-03-17;1127.53000
2017-03-16;1126.49000
2017-03-15;1127.25000
2017-03-14;1148.29000
2017-03-13;1146.39000
2017-03-10;1147.31000
2017-03-09;1158.73000
2017-03-08;1153.29000
2017-03-07;1148.99000
2017-03-06;1153.88000
2017-03-03;1150.81000
2017-03-02;1149.23000
2017-03-01;1138.81000
2017-02-28;1136.49000
2017-02-27;1133.27000
2017-02-24;1129.50000
2017-02-23;1131.52000
2017-02-22;1136.91000
2017-02-21;1140.85000
2017-02-20;1143.31000
2017-02-17;1149.00000
2017-02-16;1140.89000
2017-02-15;1133.96000
2017-02-14;1137.51000
2017-02-13;1148.27000
2017-02-10;1145.09000
2017-02-09;1149.47000
2017-02-08;1145.37000
2017-02-07;1141.87000
2017-02-06;1132.29000
2017-02-03;1137.01000
2017-02-02;1141.99000
2017-02-01;1151.41000
2017-01-31;1149.71000
2017-01-30;1168.93000
2017-01-27;1177.32000
2017-01-26;1170.19000
2017-01-25;1161.07000
2017-01-24;1168.51000
2017-01-23;1161.35000
2017-01-20;1173.89000
2017-01-19;1173.49000
2017-01-18;1176.85000
2017-01-17;1159.25000
2017-01-16;1181.79000
2017-01-13;1173.50000
2017-01-12;1174.42000
2017-01-11;1186.37000
2017-01-10;1200.19000
2017-01-09;1202.09000
2017-01-06;1200.50000
2017-01-05;1179.29000
2017-01-04;1193.91000
2017-01-03;1205.43000
2017-01-02;1202.75000
2016-12-30;1205.75000
2016-12-29;1205.03000
2016-12-28;1210.05000
2016-12-27;1205.81000
2016-12-26;1198.69000
2016-12-23;1198.85000
2016-12-22;1204.39000
2016-12-21;1193.25000
2016-12-20;1191.19000
2016-12-19;1186.83000
2016-12-16;1185.07000
2016-12-15;1183.69000
2016-12-14;1178.83000
2016-12-13;1162.71000
2016-12-12;1165.25000
2016-12-09;1171.39000
2016-12-08;1162.69000
2016-12-07;1157.15000
2016-12-06;1170.43000
2016-12-05;1166.97000
2016-12-02;1167.20000
2016-12-01;1169.65000
2016-11-30;1176.75000
2016-11-29;1167.75000
2016-11-28;1170.20000
2016-11-25;1175.25000
2016-11-24;1177.40000
2016-11-23;1178.90000
2016-11-22;1177.15000
2016-11-21;1178.30000
2016-11-18;1180.00000
2016-11-17;1175.90000
2016-11-16;1172.80000
2016-11-15;1168.80000
2016-11-14;1171.40000
2016-11-11;1168.95000
2016-11-10;1163.05000
2016-11-09;1156.70000
2016-11-08;1128.50000
2016-11-07;1142.10000
2016-11-04;1141.20000
2016-11-03;1143.05000
2016-11-02;1144.50000
2016-11-01;1146.10000
2016-10-31;1145.05000
2016-10-28;1146.60000
2016-10-27;1145.60000
2016-10-26;1136.20000
2016-10-25;1129.10000
2016-10-24;1134.55000
2016-10-21;1137.35000
2016-10-20;1129.00000
2016-10-19;1120.95000
2016-10-18;1125.05000
2016-10-17;1137.70000
2016-10-14;1134.00000
2016-10-13;1133.40000
2016-10-12;1127.10000
2016-10-11;1125.65000
2016-10-10;1110.05000
2016-10-07;1116.35000
2016-10-06;1116.95000
2016-10-05;1113.40000
2016-10-04;1110.00000
2016-10-03;1103.80000
2016-09-30;1098.30000
2016-09-29;1097.30000
2016-09-28;1093.25000
2016-09-27;1097.00000
2016-09-26;1105.60000
2016-09-23;1102.85000
2016-09-22;1101.55000
2016-09-21;1112.40000
2016-09-20;1117.20000
2016-09-19;1118.65000
2016-09-16;1126.90000
2016-09-15;1125.85000
2016-09-14;1123.80000
2016-09-13;1127.25000
2016-09-12;1110.20000
2016-09-09;1105.00000
2016-09-08;1095.55000
2016-09-07;1090.05000
2016-09-06;1093.90000
2016-09-05;1104.00000
2016-09-02;1113.80000
2016-09-01;1117.65000
2016-08-31;1115.60000
2016-08-30;1119.40000
2016-08-29;1121.50000
2016-08-26;1121.50000
2016-08-25;1115.30000
2016-08-24;1120.70000
2016-08-23;1116.50000
2016-08-22;1121.90000
2016-08-19;1116.80000
2016-08-18;1110.75000
2016-08-17;1113.45000
2016-08-16;1094.80000
2016-08-15;1095.70000
2016-08-12;1102.00000
2016-08-11;1098.65000
2016-08-10;1095.55000
2016-08-09;1101.25000
2016-08-08;1107.15000
2016-08-05;1114.65000
2016-08-04;1112.45000
2016-08-03;1114.75000
2016-08-02;1106.20000
2016-08-01;1106.75000
2016-07-29;1112.05000
2016-07-28;1125.00000
2016-07-27;1135.55000
2016-07-26;1136.00000
2016-07-25;1141.90000
2016-07-22;1137.30000
2016-07-21;1137.10000
2016-07-20;1141.85000
2016-07-19;1140.25000
2016-07-18;1134.65000
2016-07-15;1132.35000
2016-07-14;1129.98000
2016-07-13;1145.15000
2016-07-12;1145.55000
2016-07-11;1150.00000
2016-07-08;1149.20000
2016-07-07;1154.95000
2016-07-06;1160.55000
2016-07-05;1155.90000
2016-07-04;1149.00000
2016-07-01;1149.00000
2016-06-30;1151.60000
2016-06-29;1154.30000
2016-06-28;1168.95000
2016-06-27;1181.25000
2016-06-24;1165.85000
2016-06-23;1142.20000
2016-06-22;1147.25000
2016-06-21;1153.25000
2016-06-20;1156.10000
2016-06-17;1171.55000
2016-06-16;1176.40000
2016-06-15;1167.45000
2016-06-14;1176.00000
2016-06-13;1171.15000
2016-06-10;1170.80000
2016-06-09;1159.65000
2016-06-08;1152.05000
2016-06-07;1154.80000
2016-06-06;1162.25000
2016-06-03;1167.50000
2016-06-02;1186.35000
2016-06-01;1192.55000
2016-05-31;1189.05000
2016-05-30;1191.60000
2016-05-27;1180.95000
2016-05-26;1178.00000
2016-05-25;1181.05000
2016-05-24;1186.25000
2016-05-23;1181.85000
2016-05-20;1187.65000
2016-05-19;1187.30000
2016-05-18;1185.40000
2016-05-17;1172.85000
2016-05-16;1177.30000
2016-05-13;1175.60000
2016-05-12;1169.40000
2016-05-11;1162.95000
2016-05-10;1170.90000
2016-05-09;1173.55000
2016-05-06;1169.45000
2016-05-05;1165.75000
2016-05-04;1164.55000
2016-05-03;1148.45000
2016-05-02;1135.75000
2016-04-29;1145.55000
2016-04-28;1140.15000
2016-04-27;1152.00000
2016-04-26;1146.60000
2016-04-25;1148.00000
2016-04-22;1148.00000
2016-04-21;1136.25000
2016-04-20;1131.00000
2016-04-19;1127.15000
2016-04-18;1145.20000
2016-04-15;1146.55000
2016-04-14;1148.50000
2016-04-13;1146.45000
2016-04-12;1142.98000
2016-04-11;1141.50000
2016-04-08;1150.25000
2016-04-07;1157.55000
2016-04-06;1158.25000
2016-04-05;1160.15000
2016-04-04;1150.90000
2016-04-01;1147.85000
2016-03-31;1139.25000
2016-03-30;1142.25000
2016-03-29;1156.15000
2016-03-28;1164.45000
2016-03-25;1165.65000
2016-03-24;1166.55000
2016-03-23;1165.60000
2016-03-22;1155.80000
2016-03-21;1159.50000
2016-03-18;1161.89000
2016-03-17;1153.20000
2016-03-16;1181.30000
2016-03-15;1193.35000
2016-03-14;1188.65000
2016-03-11;1184.30000
2016-03-10;1200.00000
2016-03-09;1209.90000
2016-03-08;1206.00000
2016-03-07;1199.35000
2016-03-04;1198.00000
2016-03-03;1209.00000
2016-03-02;1226.65000
2016-03-01;1231.00000
2016-02-29;1237.45000
2016-02-26;1242.00000
2016-02-25;1236.00000
2016-02-24;1234.85000
2016-02-23;1229.35000
2016-02-22;1223.00000
2016-02-19;1230.90000
2016-02-18;1230.75000
2016-02-17;1223.00000
2016-02-16;1218.40000
2016-02-15;1209.65000
2016-02-12;1206.00000
2016-02-11;1198.50000
2016-02-10;1190.00000
2016-02-09;1196.75000
2016-02-08;1206.45000
2016-02-05;1204.95000
2016-02-04;1190.75000
2016-02-03;1200.00000
2016-02-02;1211.00000
2016-02-01;1203.05000
2016-01-29;1207.00000
2016-01-28;1204.20000
2016-01-27;1207.00000
2016-01-26;1197.30000
2016-01-25;1194.80000
2016-01-22;1195.85000
2016-01-21;1205.70000
2016-01-20;1208.00000
2016-01-19;1205.90000
2016-01-18;1208.00000
2016-01-15;1219.60000
2016-01-14;1210.50000
2016-01-13;1205.50000
2016-01-12;1206.30000
2016-01-11;1206.40000
2016-01-08;1207.30000
2016-01-07;1192.80000
2016-01-06;1199.90000
2016-01-05;1189.85000
2016-01-04;1190.50000
2016-01-01;1172.30000
2015-12-31;1177.00000
2015-12-30;1177.00000
2015-12-29;1170.50000
2015-12-28;1167.55000
2015-12-25;1168.05000
2015-12-24;1168.05000
2015-12-23;1173.10000
2015-12-22;1170.30000
2015-12-21;1174.20000
2015-12-18;1181.00000
2015-12-17;1187.40000
2015-12-16;1178.50000
2015-12-15;1173.80000
2015-12-14;1185.20000
2015-12-11;1185.95000
2015-12-10;1176.10000
2015-12-09;1180.85000
2015-12-08;1179.30000
2015-12-07;1172.20000
2015-12-04;1159.30000
2015-12-03;1162.65000
2015-12-02;1161.90000
2015-12-01;1156.60000
2015-11-30;1158.20000
2015-11-27;1143.50000
2015-11-26;1143.50000
2015-11-25;1143.50000
2015-11-24;1145.90000
2015-11-23;1158.40000
2015-11-20;1151.00000
2015-11-19;1156.80000
2015-11-18;1169.80000
2015-11-17;1168.50000
2015-11-16;1172.00000
2015-11-13;1169.70000
2015-11-12;1158.40000
2015-11-11;1156.00000
2015-11-10;1158.35000
2015-11-09;1160.05000
2015-11-06;1151.90000
2015-11-05;1139.00000
2015-11-04;1136.65000
2015-11-03;1130.50000
2015-11-02;1137.05000
2015-10-30;1140.00000
2015-10-29;1142.25000
2015-10-28;1145.00000
2015-10-27;1135.45000
2015-10-26;1128.45000
2015-10-23;1130.25000
2015-10-22;1130.75000
2015-10-21;1136.90000
2015-10-20;1128.30000
2015-10-19;1131.90000
2015-10-16;1129.95000
2015-10-15;1121.70000
2015-10-14;1138.40000
2015-10-13;1147.25000
2015-10-12;1142.25000
2015-10-09;1146.50000
2015-10-08;1157.45000
2015-10-07;1157.75000
2015-10-06;1162.00000
2015-10-05;1158.70000
2015-10-02;1172.10000
2015-10-01;1179.90000
2015-09-30;1184.60000
2015-09-29;1194.30000
2015-09-28;1195.45000
2015-09-25;1190.05000
2015-09-24;1195.80000
2015-09-23;1193.95000
2015-09-22;1184.70000
2015-09-21;1179.00000
2015-09-18;1172.00000
2015-09-17;1164.20000
2015-09-16;1170.60000
2015-09-15;1178.45000
2015-09-14;1181.70000
2015-09-11;1181.90000
2015-09-10;1181.90000
2015-09-09;1186.00000
2015-09-08;1195.15000
2015-09-07;1199.50000
2015-09-04;1199.50000
2015-09-03;1187.85000
2015-09-02;1181.25000
2015-09-01;1179.85000
2015-08-31;1182.45000
2015-08-28;1182.50000
2015-08-27;1170.60000
2015-08-26;1185.90000
2015-08-25;1188.30000
2015-08-24;1186.50000
2015-08-21;1193.80000
2015-08-20;1185.90000
2015-08-19;1182.35000
2015-08-18;1184.10000
2015-08-17;1181.20000
2015-08-14;1177.70000
2015-08-13;1176.10000
2015-08-12;1171.60000
2015-08-11;1182.60000
2015-08-10;1160.50000
2015-08-07;1163.95000
2015-08-06;1163.15000
2015-08-05;1174.70000
2015-08-04;1160.55000
2015-08-03;1168.10000
2015-07-31;1160.00000
2015-07-30;1172.10000
2015-07-29;1158.35000
2015-07-28;1160.30000
2015-07-27;1167.70000
2015-07-24;1171.10000
2015-07-23;1160.10000
2015-07-22;1156.50000
2015-07-21;1151.20000
2015-07-20;1154.80000
2015-07-17;1150.00000
2015-07-16;1147.65000
2015-07-15;1145.00000
2015-07-14;1141.90000
2015-07-13;1133.00000
2015-07-10;1125.80000
2015-07-09;1131.00000
2015-07-08;1134.00000
2015-07-07;1135.00000
2015-07-06;1124.75000
2015-07-03;1122.50000
2015-07-02;1121.00000
2015-07-01;1122.25000
2015-06-30;1119.05005
2015-06-29;1118.80005
2015-06-26;1122.09998
2015-06-25;1110.50000
2015-06-24;1110.00000
2015-06-23;1105.19995
2015-06-22;1102.15002
2015-06-19;1102.00000
2015-06-18;1101.00000
2015-06-17;1120.80005
2015-06-16;1117.94995
2015-06-15;1114.25000
2015-06-12;1111.44995
2015-06-11;1112.44995
2015-06-10;1112.19995
2015-06-09;1120.69995
2015-06-08;1123.50000
2015-06-05;1122.09998
2015-06-04;1113.05005
2015-06-03;1104.90002
2015-06-02;1106.80005
2015-06-01;1111.94995
2015-05-29;1111.50000
2015-05-28;1107.30005
2015-05-27;1108.30005
2015-05-26;1106.80005
2015-05-25;1096.19995
2015-05-22;1093.19995
2015-05-21;1092.90002
2015-05-20;1095.00000
2015-05-19;1093.50000
2015-05-18;1089.19995
2015-05-15;1082.80005
2015-05-14;1088.90002
2015-05-13;1091.00000
2015-05-12;1091.90002
2015-05-11;1095.50000
2015-05-08;1088.00000
2015-05-07;1090.19995
2015-05-06;1077.80005
2015-05-05;1081.00000
2015-05-04;1080.50000
2015-05-01;1080.59998
2015-04-30;1074.65002
2015-04-29;1066.30005
2015-04-28;1067.40002
2015-04-27;1073.34998
2015-04-24;1076.30005
2015-04-23;1081.09998
2015-04-22;1080.65002
2015-04-21;1082.05005
2015-04-20;1080.50000
2015-04-17;1081.05005
2015-04-16;1088.25000
2015-04-15;1094.50000
2015-04-14;1090.90002
2015-04-13;1100.50000
2015-04-10;1093.75000
2015-04-09;1095.80005
2015-04-08;1092.59998
2015-04-07;1090.59998
2015-04-06;1086.19995
2015-04-03;1085.40002
2015-04-02;1090.56006
2015-04-01;1102.19995
2015-03-31;1108.00000
2015-03-30;1105.50000
2015-03-27;1103.69995
2015-03-26;1105.00000
2015-03-25;1099.84998
2015-03-24;1103.50000
2015-03-23;1107.00000
2015-03-20;1113.00000
2015-03-19;1121.50000
2015-03-18;1110.00000
2015-03-17;1129.25000
2015-03-16;1131.00000
2015-03-13;1136.00000
2015-03-12;1119.19995
2015-03-11;1127.00000
2015-03-10;1123.50000
2015-03-09;1113.00000
2015-03-06;1104.44995
2015-03-05;1101.69995
2015-03-04;1096.19995
2015-03-03;1096.00000
2015-03-02;1101.00000
2015-02-27;1099.19995
2015-02-26;1101.00000
2015-02-25;1099.90002
2015-02-24;1104.50000
2015-02-23;1108.30005
2015-02-20;1110.15002
2015-02-19;1111.94995
2015-02-18;1112.50000
2015-02-17;1104.50000
2015-02-16;1101.00000
2015-02-13;1098.40002
2015-02-12;1107.00000
2015-02-11;1104.00000
2015-02-10;1097.65002
2015-02-09;1096.25000
2015-02-06;1091.50000
2015-02-05;1088.00000
2015-02-04;1085.09998
2015-02-03;1096.50000
2015-02-02;1099.19995
2015-01-30;1101.50000
2015-01-29;1100.30005
2015-01-28;1084.69995
2015-01-27;1076.00000
2015-01-26;1081.00000
2015-01-23;1076.00000
2015-01-22;1082.50000
2015-01-21;1082.00000
2015-01-20;1087.19995
2015-01-19;1078.09998
2015-01-16;1075.80005
2015-01-15;1078.00000
2015-01-14;1081.40002
2015-01-13;1077.50000
2015-01-12;1084.09998
2015-01-09;1090.69995
2015-01-08;1096.40002
2015-01-07;1099.00000
2015-01-06;1098.00000
2015-01-05;1109.19995
2015-01-02;1104.55005
2015-01-01;1091.00000
2014-12-31;1091.00000
2014-12-30;1097.90002
2014-12-26;1103.50000
2014-12-25;1103.50000
2014-12-24;1103.50000
2014-12-23;1101.00000
2014-12-22;1096.00000
2014-12-19;1097.05005
2014-12-18;1096.50000
2014-12-17;1093.19995
2014-12-16;1080.05005
2014-12-15;1100.00000
2014-12-12;1100.00000
2014-12-11;1100.30005
2014-12-10;1104.19995
2014-12-09;1104.75000
2014-12-08;1113.50000
2014-12-05;1121.39001
2014-12-04;1114.69995
2014-12-03;1113.50000
2014-12-02;1115.00000
2014-12-01;1107.09998
2014-11-28;1109.69995
2014-11-27;1101.00000
2014-11-26;1106.34998
2014-11-25;1110.84998
2014-11-24;1116.00000
2014-11-21;1110.93994
2014-11-20;1112.15002
2014-11-19;1108.19995
2014-11-18;1096.25000
2014-11-17;1100.98999
2014-11-14;1103.40002
2014-11-13;1091.65002
2014-11-12;1092.00000
2014-11-11;1094.90002
2014-11-10;1089.69995
2014-11-07;1086.00000